[
  {
    "id": "ca194534-7f7e-4682-997b-45ad6640f40d",
    "data": [
      {
        "text": "Apagar led ",
        "userDefined": false
      },
      {
        "text": "vermelho",
        "userDefined": false
      }
    ],
    "isTemplate": false,
    "count": 0,
    "lang": "pt-br",
    "updated": 0
  },
  {
    "id": "f60c05e5-7a6d-40ce-abca-3bb76dae387c",
    "data": [
      {
        "text": "Desligar led ",
        "userDefined": false
      },
      {
        "text": "vermelho",
        "userDefined": false
      }
    ],
    "isTemplate": false,
    "count": 0,
    "lang": "pt-br",
    "updated": 0
  }
]