[
  {
    "id": "aff1cb68-c30f-4012-b9e0-d03d29782641",
    "data": [
      {
        "text": "Acender led vermelho",
        "userDefined": false
      }
    ],
    "isTemplate": false,
    "count": 0,
    "lang": "pt-br",
    "updated": 0
  },
  {
    "id": "0bb5bb67-d305-4979-92e3-ab2edf667eb1",
    "data": [
      {
        "text": "Ligar led ",
        "userDefined": false
      },
      {
        "text": "vermelho",
        "userDefined": false
      }
    ],
    "isTemplate": false,
    "count": 0,
    "lang": "pt-br",
    "updated": 0
  }
]