[
  {
    "id": "febcd6d6-e0da-4bab-8e66-a619dfc28502",
    "data": [
      {
        "text": "Apagar led ",
        "userDefined": false
      },
      {
        "text": "branco",
        "userDefined": false
      }
    ],
    "isTemplate": false,
    "count": 0,
    "lang": "pt-br",
    "updated": 0
  },
  {
    "id": "b1f73ef5-a04f-4a32-b6b4-299463fe0cfd",
    "data": [
      {
        "text": "Desligar led ",
        "userDefined": false
      },
      {
        "text": "branco",
        "userDefined": false
      }
    ],
    "isTemplate": false,
    "count": 0,
    "lang": "pt-br",
    "updated": 0
  }
]