[
  {
    "id": "32b0fa8d-fa06-4cc7-81d7-714db839fd52",
    "data": [
      {
        "text": "Acender led ",
        "userDefined": false
      },
      {
        "text": "branco",
        "userDefined": false
      }
    ],
    "isTemplate": false,
    "count": 0,
    "lang": "pt-br",
    "updated": 0
  },
  {
    "id": "451f7b0f-641a-426b-aa13-f3e7e734881a",
    "data": [
      {
        "text": "Ligar led ",
        "userDefined": false
      },
      {
        "text": "branco",
        "userDefined": false
      }
    ],
    "isTemplate": false,
    "count": 0,
    "lang": "pt-br",
    "updated": 0
  }
]