[
  {
    "id": "b4fdfa19-a32c-46de-9a9d-0db0ccd1d662",
    "data": [
      {
        "text": "apagar led ",
        "userDefined": false
      },
      {
        "text": "azul",
        "userDefined": false
      }
    ],
    "isTemplate": false,
    "count": 0,
    "lang": "pt-br",
    "updated": 0
  },
  {
    "id": "bca8d844-55db-4112-a1a5-3ca98348fe49",
    "data": [
      {
        "text": "desligar led ",
        "userDefined": false
      },
      {
        "text": "azul",
        "userDefined": false
      }
    ],
    "isTemplate": false,
    "count": 0,
    "lang": "pt-br",
    "updated": 0
  }
]