[
  {
    "id": "592bf277-3501-40d7-9a15-46c6c8e56151",
    "data": [
      {
        "text": "acender led ",
        "userDefined": false
      },
      {
        "text": "azul",
        "userDefined": false
      }
    ],
    "isTemplate": false,
    "count": 0,
    "lang": "pt-br",
    "updated": 0
  },
  {
    "id": "ee3c76de-ddab-41e4-afba-f7eaa94e374e",
    "data": [
      {
        "text": "ligar led ",
        "userDefined": false
      },
      {
        "text": "azul",
        "userDefined": false
      }
    ],
    "isTemplate": false,
    "count": 0,
    "lang": "pt-br",
    "updated": 0
  }
]