[
  {
    "id": "0a45d2c2-7578-41de-a592-9912fd65ae9d",
    "data": [
      {
        "text": "obrigado",
        "userDefined": false
      }
    ],
    "isTemplate": false,
    "count": 0,
    "lang": "pt-br",
    "updated": 0
  },
  {
    "id": "0663563b-f7f0-4647-a385-d3fcc056639d",
    "data": [
      {
        "text": "Só isso mesmo ",
        "userDefined": false
      },
      {
        "text": "por",
        "userDefined": false
      },
      {
        "text": " enquanto",
        "userDefined": false
      }
    ],
    "isTemplate": false,
    "count": 0,
    "lang": "pt-br",
    "updated": 0
  },
  {
    "id": "8c7743ca-ca0f-4c20-b50e-46d9654dc620",
    "data": [
      {
        "text": "Só isso mesmo, obrigado",
        "userDefined": false
      }
    ],
    "isTemplate": false,
    "count": 0,
    "lang": "pt-br",
    "updated": 0
  }
]