[
  {
    "id": "e2676d9d-fa53-4f00-8a6a-d4e30b14b70b",
    "data": [
      {
        "text": "como funciona",
        "userDefined": false
      }
    ],
    "isTemplate": false,
    "count": 0,
    "lang": "pt-br",
    "updated": 0
  },
  {
    "id": "58bf2587-24ad-4c26-9cf0-7483cd86f782",
    "data": [
      {
        "text": "o que você é",
        "userDefined": false
      }
    ],
    "isTemplate": false,
    "count": 0,
    "lang": "pt-br",
    "updated": 0
  },
  {
    "id": "d15a24ab-3f40-4885-a6d8-0b681f9343cb",
    "data": [
      {
        "text": "Me ",
        "userDefined": false
      },
      {
        "text": "fale",
        "userDefined": false
      },
      {
        "text": " mais sobre você",
        "userDefined": false
      }
    ],
    "isTemplate": false,
    "count": 0,
    "lang": "pt-br",
    "updated": 0
  },
  {
    "id": "9d494544-a630-47e2-b885-766aebbdf219",
    "data": [
      {
        "text": "Modo de usar",
        "userDefined": false
      }
    ],
    "isTemplate": false,
    "count": 0,
    "lang": "pt-br",
    "updated": 0
  },
  {
    "id": "561c250f-35f8-4cba-89ae-724fab17a475",
    "data": [
      {
        "text": "Sobre",
        "userDefined": false
      }
    ],
    "isTemplate": false,
    "count": 0,
    "lang": "pt-br",
    "updated": 0
  }
]